{
    "loss": 0.08375672996044159,
    "accuracy": 0.9803921580314636
}